Year,Month,TotalSale,PreviousMonthSale,SaleChange,SaleChangePct
2013,1,3824842.85,,,
2013,2,2821282.2,3824842.85,-1003560.65,-26.24
2013,3,3966078.1,2821282.2,1144795.9,40.58
2013,4,4155710.05,3966078.1,189631.95,4.78
2013,5,4562830.35,4155710.05,407120.3,9.8
2013,6,4150098.6,4562830.35,-412731.75,-9.05
2013,7,4502741.85,4150098.6,352643.25,8.5
2013,8,3601220.6,4502741.85,-901521.25,-20.02
2013,9,3916003.25,3601220.6,314782.65,8.74
2013,10,3879872.45,3916003.25,-36130.8,-0.92
2013,11,3819809.1,3879872.45,-60063.35,-1.55
2013,12,3728103.4,3819809.1,-91705.7,-2.4
2014,1,4202578.8,3728103.4,474475.4,12.73
2014,2,3572744.4,4202578.8,-629834.4,-14.99
2014,3,3955257.55,3572744.4,382513.15,10.71
2014,4,4212856.25,3955257.55,257598.7,6.51
2014,5,4753224.1,4212856.25,540367.85,12.83
2014,6,4427573.8,4753224.1,-325650.3,-6.85
2014,7,4919791.85,4427573.8,492218.05,11.12
2014,8,4197257.4,4919791.85,-722534.45,-14.69
2014,9,3973877.85,4197257.4,-223379.55,-5.32
2014,10,4606478.45,3973877.85,632600.6,15.92
2014,11,4157270.55,4606478.45,-449207.9,-9.75
2014,12,4513092.4,4157270.55,355821.85,8.56
2015,1,4556065.25,4513092.4,42972.85,0.95
2015,2,4307819.25,4556065.25,-248246.0,-5.45
2015,3,4644642.35,4307819.25,336823.1,7.82
2015,4,5222594.85,4644642.35,577952.5,12.44
2015,5,4636628.45,5222594.85,-585966.4,-11.22
2015,6,4696866.65,4636628.45,60238.2,1.3
2015,7,5339212.0,4696866.65,642345.35,13.68
2015,8,4070526.6,5339212.0,-1268685.4,-23.76
2015,9,4841896.7,4070526.6,771370.1,18.95
2015,10,4653840.9,4841896.7,-188055.8,-3.88
2015,11,4240612.3,4653840.9,-413228.6,-8.88
2015,12,4607182.15,4240612.3,366569.85,8.64
2016,1,4612140.45,4607182.15,4958.3,0.11
2016,2,4099480.35,4612140.45,-512660.1,-11.12
2016,3,4807110.7,4099480.35,707630.35,17.26
2016,4,4739058.6,4807110.7,-68052.1,-1.42
2016,5,5138002.65,4739058.6,398944.05,8.42
